row_index,pwd_fake
Row1549,fake
Row2007,fake
Row2008,fake
Row2009,fake
Row2010,fake
Row2011,fake
Row2012,fake
Row2013,fake
Row2014,fake
Row2015,fake
Row2016,fake
Row2017,fake
Row2018,fake
Row2019,fake
Row2020,fake
Row2021,fake
Row2022,fake
Row2023,fake
Row2024,fake
Row2025,fake
Row2026,fake
Row2027,fake
Row2028,fake
Row2029,fake
Row2030,fake
Row2031,fake
Row2032,fake
Row2033,fake
Row2034,fake
Row2035,fake
Row2036,fake
Row2037,fake
Row2038,fake
Row2039,fake
Row2040,fake
Row2041,fake
Row2042,fake
Row2043,fake
Row2044,fake
Row2045,fake
Row2046,fake
Row2047,fake
Row2048,fake
Row2049,fake
Row2050,fake
Row2051,fake
Row2052,fake
Row2053,fake
Row2054,fake
Row2055,fake
Row2056,fake
Row2057,fake
Row2058,fake
Row2059,fake
Row2060,fake
Row2061,fake
Row2062,fake
Row2063,fake
Row2064,fake
Row2065,fake
Row2066,fake
Row2067,fake
Row2068,fake
Row2069,fake
Row2070,fake
Row2071,fake
Row2072,fake
Row2073,fake
Row2074,fake
Row2075,fake
Row2076,fake
Row2077,fake
Row2078,fake
Row2079,fake
Row2080,fake
Row2081,fake
Row2082,fake
Row2083,fake
Row2084,fake
Row2085,fake
Row2086,fake
Row2087,fake
Row2088,fake
Row2089,fake
Row2090,fake
Row2091,fake
Row2092,fake
Row2093,fake
Row2094,fake
Row2095,fake
Row2096,fake
Row2097,fake
Row2098,fake
Row2099,fake
Row2100,fake
Row2101,fake
Row2102,fake
Row2103,fake
Row2104,fake
Row2105,fake
Row2106,fake
Row2107,fake
Row2108,fake
Row2109,fake
Row2110,fake
Row2111,fake
Row2112,fake
Row2113,fake
Row2114,fake
Row2115,fake
Row2116,fake
Row2117,fake
Row2118,fake
Row2119,fake
Row2120,fake
Row2121,fake
Row2122,fake
Row2123,fake
Row2124,fake
Row2125,fake
Row2126,fake
Row2127,fake
Row2128,fake
Row2129,fake
Row2130,fake
Row2131,fake
Row2132,fake
Row2133,fake
Row2134,fake
Row2135,fake
Row2136,fake
Row2137,fake
Row2138,fake
Row2139,fake
Row2140,fake
Row2141,fake
Row2142,fake
Row2143,fake
Row2144,fake
Row2145,fake
Row2146,fake
Row2147,fake
Row2148,fake
Row2149,fake
Row2150,fake
Row2151,fake
Row2152,fake
Row2153,fake
Row2154,fake
Row2155,fake
Row2156,fake
Row2157,fake
Row2158,fake
Row2159,fake
Row2160,fake
Row2161,fake
Row2162,fake
Row2163,fake
Row2164,fake
Row2165,fake
Row2166,fake
Row2167,fake
Row2168,fake
Row2169,fake
Row2170,fake
Row2171,fake
Row2172,fake
Row2173,fake
Row2174,fake
Row2175,fake
Row2176,fake
Row2177,fake
Row2178,fake
Row2179,fake
Row2180,fake
Row2181,fake
Row2182,fake
Row2183,fake
Row2184,fake
Row2185,fake
Row2186,fake
Row2187,fake
Row2188,fake
Row2189,fake
Row2190,fake
Row2191,fake
Row2192,fake
Row2193,fake
Row2194,fake
Row2195,fake
Row2196,fake
Row2197,fake
Row2198,fake
Row2199,fake
Row2200,fake
Row2201,fake
Row2202,fake
Row2203,fake
Row2204,fake
Row2205,fake
Row2206,fake
Row2207,fake
Row2208,fake
Row2209,fake
Row2210,fake
Row2211,fake
Row2212,fake
Row2213,fake
Row2214,fake
Row2215,fake
Row2216,fake
Row2217,fake
Row2218,fake
Row2219,fake
Row2220,fake
Row2221,fake
Row2222,fake
Row2223,fake
Row2224,fake
Row2225,fake
Row2226,fake
Row2227,fake
Row2228,fake
Row2229,fake
Row2230,fake
Row2231,fake
Row2232,fake
Row2233,fake
Row2234,fake
Row2235,fake
Row2236,fake
Row2237,fake
Row2238,fake
Row2239,fake
Row2240,fake
Row2241,fake
Row2242,fake
Row2243,fake
Row2244,fake
Row2245,fake
Row2246,fake
Row2247,fake
Row2248,fake
Row2249,fake
Row2250,fake
Row2251,fake
Row2252,fake
Row2253,fake
Row2254,fake
Row2255,fake
Row2256,fake
Row2257,fake
Row2258,fake
Row2259,fake
Row2260,fake
Row2261,fake
Row2262,fake
Row2263,fake
Row2264,fake
Row2265,fake
Row2266,fake
Row2267,fake
Row2268,fake
Row2269,fake
Row2270,fake
Row2271,fake
Row2272,fake
Row2273,fake
Row2274,fake
Row2275,fake
Row2276,fake
Row2277,fake
Row2278,fake
Row2279,fake
Row2280,fake
Row2281,fake
Row2282,fake
Row2283,fake
Row2284,fake
Row2285,fake
Row2286,fake
Row2287,fake
Row2288,fake
Row2289,fake
Row2290,fake
Row2291,fake
Row2292,fake
Row2293,fake
Row2294,fake
Row2295,fake
Row2296,fake
Row2297,fake
Row2298,fake
Row2299,fake
Row2300,fake
Row2301,fake
Row2302,fake
Row2303,fake
Row2304,fake
Row2305,fake
Row2306,fake
Row2307,fake
Row2308,fake
Row2309,fake
Row2310,fake
Row2311,fake
Row2312,fake
Row2313,fake
Row2314,fake
Row2315,fake
Row2316,fake
Row2317,fake
Row2318,fake
Row2319,fake
Row2320,fake
Row2321,fake
Row2322,fake
Row2323,fake
Row2324,fake
Row2325,fake
Row2326,fake
Row2327,fake
Row2328,fake
Row2329,fake
Row2330,fake
Row2331,fake
Row2332,fake
Row2333,fake
Row2334,fake
Row2335,fake
Row2336,fake
Row2337,fake
Row2338,fake
Row2339,fake
Row2340,fake
Row2341,fake
Row2342,fake
Row2343,fake
Row2344,fake
Row2345,fake
Row2346,fake
Row2347,fake
Row2348,fake
Row2349,fake
Row2350,fake
Row2351,fake
Row2352,fake
Row2353,fake
Row2354,fake
Row2355,fake
Row2356,fake
Row2357,fake
Row2358,fake
Row2359,fake
Row2360,fake
Row2361,fake
Row2362,fake
Row2363,fake
Row2364,fake
Row2365,fake
Row2366,fake
Row2367,fake
Row2368,fake
Row2369,fake
Row2370,fake
Row2371,fake
Row2372,fake
Row2373,fake
Row2374,fake
Row2375,fake
Row2376,fake
Row2377,fake
Row2378,fake
Row2379,fake
Row2380,fake
Row2381,fake
Row2382,fake
Row2383,fake
Row2384,fake
Row2385,fake
Row2386,fake
Row2387,fake
Row2388,fake
Row2389,fake
Row2390,fake
Row2391,fake
Row2392,fake
Row2393,fake
Row2394,fake
Row2395,fake
Row2396,fake
Row2397,fake
Row2398,fake
Row2399,fake
Row2400,fake
Row2401,fake
Row2402,fake
Row2403,fake
Row2404,fake
Row2405,fake
Row2406,fake
Row2407,fake
Row2408,fake
Row2409,fake
Row2410,fake
Row2411,fake
Row2412,fake
Row2413,fake
Row2414,fake
Row2415,fake
Row2416,fake
Row2417,fake
Row2418,fake
Row2419,fake
Row2420,fake
Row2421,fake
Row2422,fake
Row2423,fake
Row2424,fake
Row2425,fake
Row2426,fake
Row2427,fake
Row2428,fake
Row2429,fake
Row2430,fake
Row2431,fake
Row2432,fake
Row2433,fake
Row2434,fake
Row2435,fake
Row2436,fake
Row2437,fake
Row2438,fake
Row2439,fake
Row2440,fake
Row2441,fake
Row2442,fake
Row2443,fake
Row2444,fake
Row2445,fake
Row2446,fake
Row2447,fake
Row2448,fake
Row2449,fake
Row2450,fake
Row2451,fake
Row2452,fake
Row2453,fake
Row2454,fake
Row2455,fake
Row2456,fake
Row2457,fake
Row2458,fake
Row2459,fake
Row2460,fake
Row2461,fake
Row2462,fake
Row2463,fake
Row2464,fake
Row2465,fake
Row2466,fake
Row2467,fake
Row2468,fake
Row2469,fake
Row2470,fake
Row2471,fake
Row2472,fake
Row2473,fake
Row2474,fake
Row2475,fake
Row2476,fake
Row2477,fake
Row2478,fake
Row2479,fake
Row2480,fake
Row2481,fake
Row2482,fake
Row2483,fake
Row2484,fake
Row2485,fake
Row2486,fake
Row2487,fake
Row2488,fake
Row2489,fake
Row2490,fake
Row2491,fake
Row2492,fake
Row2493,fake
Row2494,fake
Row2495,fake
Row2496,fake
Row2497,fake
Row2498,fake
Row2499,fake
Row2500,fake
Row2501,fake
Row2502,fake
Row2503,fake
Row2504,fake
Row2505,fake
Row2506,fake
Row2507,fake
Row2508,fake
Row2509,fake
Row2510,fake
Row2511,fake
Row2512,fake
Row2513,fake
Row2514,fake
Row2515,fake
Row2516,fake
Row2517,fake
Row2518,fake
Row2519,fake
Row2520,fake
Row2521,fake
Row2522,fake
Row2523,fake
Row2524,fake
Row2525,fake
Row2526,fake
Row2527,fake
Row2528,fake
Row2529,fake
Row2530,fake
Row2531,fake
Row2532,fake
Row2533,fake
Row2534,fake
Row2535,fake
Row2536,fake
Row2537,fake
Row2538,fake
Row2539,fake
Row2540,fake
Row2541,fake
Row2542,fake
Row2543,fake
Row2544,fake
Row2545,fake
Row2546,fake
Row2547,fake
Row2548,fake
Row2549,fake
Row2550,fake
Row2551,fake
Row2552,fake
Row2553,fake
Row2554,fake
Row2555,fake
Row2556,fake
Row2557,fake
Row2558,fake
Row2559,fake
Row2560,fake
Row2561,fake
Row2562,fake
Row2563,fake
Row2564,fake
Row2565,fake
Row2566,fake
Row2567,fake
Row2568,fake
Row2569,fake
Row2570,fake
Row2571,fake
Row2572,fake
Row2573,fake
Row2574,fake
Row2575,fake
Row2576,fake
Row2577,fake
Row2578,fake
Row2579,fake
Row2580,fake
Row2581,fake
Row2582,fake
Row2583,fake
Row2584,fake
Row2585,fake
Row2586,fake
Row2587,fake
Row2588,fake
Row2589,fake
Row2590,fake
Row2591,fake
Row2592,fake
Row2593,fake
Row2594,fake
Row2595,fake
Row2596,fake
Row2597,fake
Row2598,fake
Row2599,fake
Row2600,fake
Row2601,fake
Row2602,fake
Row2603,fake
Row2604,fake
Row2605,fake
Row2606,fake
Row2607,fake
Row2608,fake
Row2635,fake
Row2636,fake
Row2637,fake
Row2638,fake
Row2639,fake
Row2640,fake
Row2641,fake
Row2642,fake
Row2643,fake
Row2644,fake
Row2645,fake
Row2646,fake
Row2647,fake
Row2648,fake
Row2649,fake
Row2650,fake
Row2651,fake
Row2652,fake
Row2653,fake
Row2654,fake
Row2655,fake
Row2656,fake
Row2657,fake
Row2658,fake
Row2659,fake
Row2660,fake
Row2661,fake
Row2662,fake
Row2663,fake
Row2664,fake
Row2665,fake
Row2666,fake
Row2667,fake
Row2668,fake
Row2669,fake
Row2670,fake
Row2671,fake
Row2672,fake
Row2673,fake
Row2674,fake
Row2675,fake
Row2676,fake
Row2677,fake
Row2678,fake
Row2679,fake
Row2680,fake
Row2681,fake
Row2682,fake
Row2683,fake
Row2684,fake
Row2685,fake
Row2686,fake
Row2687,fake
Row2688,fake
Row2689,fake
Row2690,fake
Row2691,fake
Row2692,fake
Row2693,fake
Row2694,fake
Row2695,fake
Row2696,fake
Row2697,fake
Row2698,fake
Row2699,fake
Row2700,fake
Row2701,fake
Row2702,fake
Row2703,fake
Row2704,fake
Row2705,fake
Row2706,fake
Row2707,fake
Row2708,fake
Row2709,fake
Row2710,fake
Row2711,fake
Row2712,fake
Row2713,fake
Row2714,fake
Row2715,fake
Row2716,fake
Row2717,fake
Row2718,fake
Row2719,fake
Row2720,fake
Row2721,fake
Row2722,fake
Row2723,fake
Row2724,fake
Row2725,fake
Row2726,fake
Row2727,fake
Row2728,fake
Row2729,fake
Row2730,fake
Row2731,fake
Row2732,fake
Row2733,fake
Row2734,fake
Row2735,fake
Row2736,fake
Row2737,fake
Row2738,fake
Row2739,fake
Row2740,fake
Row2741,fake
Row2742,fake
Row2743,fake
Row2744,fake
Row2745,fake
Row2746,fake
Row2747,fake
Row2748,fake
Row2749,fake
Row2750,fake
Row2751,fake
Row2752,fake
Row2753,fake
Row2754,fake
Row2755,fake
Row2756,fake
Row2757,fake
Row2758,fake
Row2759,fake
Row2760,fake
Row2761,fake
Row2762,fake
Row2763,fake
Row2764,fake
Row2765,fake
Row2766,fake
Row2767,fake
Row2768,fake
Row2769,fake
Row2770,fake
Row2771,fake
Row2772,fake
Row2773,fake
Row2774,fake
Row2775,fake
Row2776,fake
Row2777,fake
Row2778,fake
Row2779,fake
Row2780,fake
Row2781,fake
Row2782,fake
Row2783,fake
Row2784,fake
Row2785,fake
Row2786,fake
Row2787,fake
Row2788,fake
Row2789,fake
Row2790,fake
Row2791,fake
Row2792,fake
Row2793,fake
Row2794,fake
Row2795,fake
Row2796,fake
Row2797,fake
Row2798,fake
Row2799,fake
Row2800,fake
Row2801,fake
Row2802,fake
Row2803,fake
Row2804,fake
Row2805,fake
Row2806,fake
Row2807,fake
Row2808,fake
Row2809,fake
Row2810,fake
Row2811,fake
Row2812,fake
Row2813,fake
Row2814,fake
Row2815,fake
Row2816,fake
Row2817,fake
Row2818,fake
Row2819,fake
Row2820,fake
Row2821,fake
Row2822,fake
Row2823,fake
Row2824,fake
Row2825,fake
Row2826,fake
Row2827,fake
Row2828,fake
Row2829,fake
Row2830,fake
Row2831,fake
Row2832,fake
Row2833,fake
Row2834,fake
Row2835,fake
Row2836,fake
Row2837,fake
Row2838,fake
Row2839,fake
Row2840,fake
Row2841,fake
Row2842,fake
Row2843,fake
Row2844,fake
Row2845,fake
Row2846,fake
Row2847,fake
Row2848,fake
Row2849,fake
Row2850,fake
Row2851,fake
Row2852,fake
Row2853,fake
Row2854,fake
Row2855,fake
Row2856,fake
Row2857,fake
Row2858,fake
Row2859,fake
Row2860,fake
Row2861,fake
Row2862,fake
Row2863,fake
Row2864,fake
Row2865,fake
Row2866,fake
Row2867,fake
Row2868,fake
Row2869,fake
Row2870,fake
Row2871,fake
Row2872,fake
Row2873,fake
Row2874,fake
Row2875,fake
Row2876,fake
Row2877,fake
Row2878,fake
Row2879,fake
Row2880,fake
Row2881,fake
Row2882,fake
Row2883,fake
Row2884,fake
Row2885,fake
Row2886,fake
Row2887,fake
Row2888,fake
Row2889,fake
Row2890,fake
Row2891,fake
Row2892,fake
Row2893,fake
Row2894,fake
Row2895,fake
Row2896,fake
Row2897,fake
Row2898,fake
Row2899,fake
Row2900,fake
Row2901,fake
Row2902,fake
Row2903,fake
Row2904,fake
Row2905,fake
Row2906,fake
Row2907,fake
Row2908,fake
Row2909,fake
Row2910,fake
Row2911,fake
Row2912,fake
Row2913,fake
Row2914,fake
Row2915,fake
Row2916,fake
Row2917,fake
Row2918,fake
Row2919,fake
Row2920,fake
Row2921,fake
Row2922,fake
Row2923,fake
Row2924,fake
Row2925,fake
Row2926,fake
Row2927,fake
Row2928,fake
Row2929,fake
Row2930,fake
Row2931,fake
Row2932,fake
Row2933,fake
Row2934,fake
Row2935,fake
Row2936,fake
Row2937,fake
Row2938,fake
Row2939,fake
Row2940,fake
Row2941,fake
Row2942,fake
Row2943,fake
Row2944,fake
Row2945,fake
Row2946,fake
Row2947,fake
Row2948,fake
Row2949,fake
Row2950,fake
Row2951,fake
Row2952,fake
Row2953,fake
Row2954,fake
Row2955,fake
Row2956,fake
Row2957,fake
Row2958,fake
Row2959,fake
Row2960,fake
Row2961,fake
Row2962,fake
Row2963,fake
Row2964,fake
Row2965,fake
Row2966,fake
Row2967,fake
Row2968,fake
Row2969,fake
Row2970,fake
Row2971,fake
Row2972,fake
Row2973,fake
Row2974,fake
Row2975,fake
Row2976,fake
Row2977,fake
Row2978,fake
Row2979,fake
Row2980,fake
Row2981,fake
Row2982,fake
Row2983,fake
Row2984,fake
Row2985,fake
Row2986,fake
Row2987,fake
Row2988,fake
Row2989,fake
Row2990,fake
Row2991,fake
Row2992,fake
Row2993,fake
Row2994,fake
Row2995,fake
Row2996,fake
Row2997,fake
Row2998,fake
Row2999,fake
Row3000,fake
Row3001,fake
Row3002,fake
Row3003,fake
Row3004,fake
Row3005,fake
Row3006,fake
Row3007,fake
Row3008,fake
Row3009,fake
Row3010,fake
Row3011,fake
Row3012,fake
Row3013,fake
Row3014,fake
Row3015,fake
Row3016,fake
Row3017,fake
Row3018,fake
Row3019,fake
Row3020,fake
Row3021,fake
Row3022,fake
Row3023,fake
Row3024,fake
Row3025,fake
Row3026,fake
Row3027,fake
Row3028,fake
Row3029,fake
Row3030,fake
Row3031,fake
Row3032,fake
Row3033,fake
Row3034,fake
Row3035,fake
Row3036,fake
Row3037,fake
Row3038,fake
Row3039,fake
Row3040,fake
Row3041,fake
Row3042,fake
Row3043,fake
Row3044,fake
Row3045,fake
Row3046,fake
Row3047,fake
Row3048,fake
Row3049,fake
Row3050,fake
Row3051,fake
Row3052,fake
Row3053,fake
Row3054,fake
Row3055,fake
Row3056,fake
Row3057,fake
Row3058,fake
Row3059,fake
Row3060,fake
Row3061,fake
Row3062,fake
Row3063,fake
Row3064,fake
Row3065,fake
Row3066,fake
Row3067,fake
Row3068,fake
Row3069,fake
Row3070,fake
Row3071,fake
Row3072,fake
Row3073,fake
Row3074,fake
Row3075,fake
Row3076,fake
Row3077,fake
Row3078,fake
Row3079,fake
Row3080,fake
Row3081,fake
Row3082,fake
Row3083,fake
Row3084,fake
Row3085,fake
Row3086,fake
Row3087,fake
Row3088,fake
Row3089,fake
Row3090,fake
Row3091,fake
Row3092,fake
Row3093,fake
Row3094,fake
Row3095,fake
Row3096,fake
Row3097,fake
Row3098,fake
Row3099,fake
Row3100,fake
Row3101,fake
Row3102,fake
Row3103,fake
Row3104,fake
Row3105,fake
Row3106,fake
Row3107,fake
Row3108,fake
Row3109,fake
Row3110,fake
Row3111,fake
Row3112,fake
Row3113,fake
Row3114,fake
Row3115,fake
Row3116,fake
Row3117,fake
Row3118,fake
Row3119,fake
Row3120,fake
Row3121,fake
Row3122,fake
Row3123,fake
Row3124,fake
Row3125,fake
Row3126,fake
Row3127,fake
Row3128,fake
Row3129,fake
Row3130,fake
Row3131,fake
Row3132,fake
Row3133,fake
Row3134,fake
Row3135,fake
Row3136,fake
Row3137,fake
Row3138,fake
Row3139,fake
Row3140,fake
Row3141,fake
Row3142,fake
Row3143,fake
Row3144,fake
Row3145,fake
Row3146,fake
Row3147,fake
Row3148,fake
Row3149,fake
Row3150,fake
Row3151,fake
Row3152,fake
Row3153,fake
Row3154,fake
Row3155,fake
Row3156,fake
Row3157,fake
Row3158,fake
Row3159,fake
Row3160,fake
Row3161,fake
Row3162,fake
Row3163,fake
Row3164,fake
Row3165,fake
Row3166,fake
Row3167,fake
Row3168,fake
Row3169,fake
Row3170,fake
Row3171,fake
Row3172,fake
Row3173,fake
Row3174,fake
Row3175,fake
Row3176,fake
Row3177,fake
Row3178,fake
Row3179,fake
Row3180,fake
Row3181,fake
Row3182,fake
Row3183,fake
Row3184,fake
Row3185,fake
Row3186,fake
Row3187,fake
Row3188,fake
Row3189,fake
Row3190,fake
Row3191,fake
Row3192,fake
Row3193,fake
Row3194,fake
Row3195,fake
Row3196,fake
Row3197,fake
Row3198,fake
Row3199,fake
Row3200,fake
Row3201,fake
Row3202,fake
Row3203,fake
Row3204,fake
Row3205,fake
Row3206,fake
Row3207,fake
Row3208,fake
Row3209,fake
Row3210,fake
Row3211,fake
Row3212,fake
Row3213,fake
Row3214,fake
Row3215,fake
Row3216,fake
Row3217,fake
Row3218,fake
Row3219,fake
Row3220,fake
Row3221,fake
Row3222,fake
Row3223,fake
Row3224,fake
Row3225,fake
Row3226,fake
Row3227,fake
Row3228,fake
Row3229,fake
Row3230,fake
Row3231,fake
Row3232,fake
Row3233,fake
Row3234,fake
Row3235,fake
Row3236,fake
Row3237,fake
Row3238,fake
Row3239,fake
Row3240,fake
Row3241,fake
Row3242,fake
Row3243,fake
Row3244,fake
Row3245,fake
Row3246,fake
Row3247,fake
Row3248,fake
Row3249,fake
Row3250,fake
Row3251,fake
Row3252,fake
Row3253,fake
Row3254,fake
Row3255,fake
Row3256,fake
Row3257,fake
Row3258,fake
Row3259,fake
Row3260,fake
Row3261,fake
Row3262,fake
Row3263,fake
Row3264,fake
Row3265,fake
Row3266,fake
Row3267,fake
Row3268,fake
Row3269,fake
Row3270,fake
Row3271,fake
Row3272,fake
Row3273,fake
Row3274,fake
Row3275,fake
Row3276,fake
Row3277,fake
Row3278,fake
Row3279,fake
Row3280,fake
Row3281,fake
Row3282,fake
Row3283,fake
Row3284,fake
Row3285,fake
Row3286,fake
Row3287,fake
Row3288,fake
Row3289,fake
Row3290,fake
Row3291,fake
Row3292,fake
Row3293,fake
Row3294,fake
Row3295,fake
Row3296,fake
Row3297,fake
Row3298,fake
Row3299,fake
Row3300,fake
Row3301,fake
Row3302,fake
Row3303,fake
Row3304,fake
Row3305,fake
Row3306,fake
Row3307,fake
Row3308,fake
Row3309,fake
Row3310,fake
Row3311,fake
Row3312,fake
Row3313,fake
Row3314,fake
Row3315,fake
Row3316,fake
Row3317,fake
Row3318,fake
Row3319,fake
Row3320,fake
Row3321,fake
Row3322,fake
Row3323,fake
Row3324,fake
Row3325,fake
Row3326,fake
Row3327,fake
Row3328,fake
Row3329,fake
Row3330,fake
Row3331,fake
Row3332,fake
Row3333,fake
Row3334,fake
Row3335,fake
Row3336,fake
Row3337,fake
Row3338,fake
Row3339,fake
Row3340,fake
Row3341,fake
Row3342,fake
Row3343,fake
Row3344,fake
Row3345,fake
Row3346,fake
Row3347,fake
Row3348,fake
Row3349,fake
Row3350,fake
Row3351,fake
Row3352,fake
Row3353,fake
Row3354,fake
Row3355,fake
Row3356,fake
Row3357,fake
Row3358,fake
Row3359,fake
Row3360,fake
Row3361,fake
Row3362,fake
Row3363,fake
Row3364,fake
Row3365,fake
Row3366,fake
Row3367,fake
Row3368,fake
Row3369,fake
Row3370,fake
Row3371,fake
Row3372,fake
Row3373,fake
Row3374,fake
Row3375,fake
Row3376,fake
Row3377,fake
Row3378,fake
Row3379,fake
Row3380,fake
Row3381,fake
Row3382,fake
Row3383,fake
Row3384,fake
Row3385,fake
Row3386,fake
Row3387,fake
Row3388,fake
Row3389,fake
Row3390,fake
Row3391,fake
Row3392,fake
Row3393,fake
Row3394,fake
Row3395,fake
Row3396,fake
Row3397,fake
Row3398,fake
Row3399,fake
Row3400,fake
Row3401,fake
Row3402,fake
Row3403,fake
Row3404,fake
Row3405,fake
Row3406,fake
Row3407,fake
Row3408,fake
Row3409,fake
Row3410,fake
Row3411,fake
Row3412,fake
Row3413,fake
Row3414,fake
Row3415,fake
Row3416,fake
Row3417,fake
Row3418,fake
Row3419,fake
Row3420,fake
Row3421,fake
Row3422,fake
Row3423,fake
Row3424,fake
Row3425,fake
Row3426,fake
Row3427,fake
Row3428,fake
Row3429,fake
Row3430,fake
Row3431,fake
Row3432,fake
Row3433,fake
Row3434,fake
Row3435,fake
Row3436,fake
Row3437,fake
Row3438,fake
Row3439,fake
Row3440,fake
Row3441,fake
Row3442,fake
Row3443,fake
Row3444,fake
Row3445,fake
Row3446,fake
Row3447,fake
Row3448,fake
Row3449,fake
Row3450,fake
Row3451,fake
Row3452,fake
Row3453,fake
Row3454,fake
Row3455,fake
Row3456,fake
Row3457,fake
Row3458,fake
Row3459,fake
Row3460,fake
Row3461,fake
Row3462,fake
Row3463,fake
Row3464,fake
Row3465,fake
Row3466,fake
Row3467,fake
Row3468,fake
Row3469,fake
Row3470,fake
Row3471,fake
Row3472,fake
Row3473,fake
Row3474,fake
Row3475,fake
Row3476,fake
Row3477,fake
Row3478,fake
Row3479,fake
Row3480,fake
Row3481,fake
Row3482,fake
Row3483,fake
Row3484,fake
Row3485,fake
Row3486,fake
Row3487,fake
Row3488,fake
Row3489,fake
Row3490,fake
Row3491,fake
Row3492,fake
Row3493,fake
Row3494,fake
Row3495,fake
Row3496,fake
Row3497,fake
Row3498,fake
Row3499,fake
Row3500,fake
Row3501,fake
Row3502,fake
Row3503,fake
Row3504,fake
Row3505,fake
Row3506,fake
Row3507,fake
Row3508,fake
Row3509,fake
Row3510,fake
Row3511,fake
Row3512,fake
Row3513,fake
Row3514,fake
Row3515,fake
Row3516,fake
Row3517,fake
Row3518,fake
Row3519,fake
Row3520,fake
Row3521,fake
Row3522,fake
Row3523,fake
Row3524,fake
Row3525,fake
Row3526,fake
Row3527,fake
Row3528,fake
Row3529,fake
Row3530,fake
Row3531,fake
Row3532,fake
Row3533,fake
Row3534,fake
Row3535,fake
Row3536,fake
Row3537,fake
Row3538,fake
Row3539,fake
Row3540,fake
Row3541,fake
Row3542,fake
Row3543,fake
Row3555,fake
Row3567,fake
Row3579,fake
Row3581,fake
Row3586,fake
Row3587,fake
Row3588,fake
Row3589,fake
Row3594,fake
Row3595,fake
Row3596,fake
Row3597,fake
Row3598,fake
Row3599,fake
Row3600,fake
Row3601,fake
Row3602,fake
Row3603,fake
Row3604,fake
Row3605,fake
Row3606,fake
Row3607,fake
Row3608,fake
Row3609,fake
Row3610,fake
Row3611,fake
Row3612,fake
Row3613,fake
Row3614,fake
Row3615,fake
Row3616,fake
Row3617,fake
Row3618,fake
Row3619,fake
Row3620,fake
Row3621,fake
Row3622,fake
Row3623,fake
Row3624,fake
Row3625,fake
Row3626,fake
Row5750,fake
Row6065,fake
Row6066,fake
Row6067,fake
Row6068,fake
Row6069,fake
Row6070,fake
Row6071,fake
Row6072,fake
Row6073,fake
Row6074,fake
Row6080,fake
